{
  "main": {
    "id": "ec0baf54f087d06c",
    "type": "split",
    "children": [
      {
        "id": "deefb71483eb556f",
        "type": "tabs",
        "children": [
          {
            "id": "8a6049ade13efd79",
            "type": "leaf",
            "state": {
              "type": "markdown",
              "state": {
                "file": "mineraux.md",
                "mode": "source",
                "source": false
              },
              "icon": "lucide-file",
              "title": "mineraux"
            }
          },
          {
            "id": "1d15f1c16c5f0ba8",
            "type": "leaf",
            "state": {
              "type": "markdown",
              "state": {
                "file": "Mobs.md",
                "mode": "source",
                "source": false
              },
              "icon": "lucide-file",
              "title": "Mobs"
            }
          },
          {
            "id": "427aa530ee889872",
            "type": "leaf",
            "state": {
              "type": "markdown",
              "state": {
                "file": "Eisenhtal.md",
                "mode": "source",
                "source": false
              },
              "icon": "lucide-file",
              "title": "Eisenhtal"
            }
          }
        ],
        "currentTab": 2
      }
    ],
    "direction": "vertical"
  },
  "left": {
    "id": "283c9813277a7ae9",
    "type": "mobile-drawer",
    "children": [
      {
        "id": "6c1c456272be24e3",
        "type": "leaf",
        "state": {
          "type": "file-explorer",
          "state": {
            "sortOrder": "alphabetical",
            "autoReveal": false
          },
          "icon": "lucide-folder-closed",
          "title": "Files"
        }
      },
      {
        "id": "ded4baa419620217",
        "type": "leaf",
        "state": {
          "type": "search",
          "state": {
            "query": "",
            "matchingCase": false,
            "explainSearch": false,
            "collapseAll": false,
            "extraContext": false,
            "sortOrder": "alphabetical"
          },
          "icon": "lucide-search",
          "title": "Search"
        }
      },
      {
        "id": "3fb9fc62712b69d0",
        "type": "leaf",
        "state": {
          "type": "tag",
          "state": {
            "sortOrder": "frequency",
            "useHierarchy": true,
            "showSearch": false,
            "searchQuery": ""
          },
          "icon": "lucide-tags",
          "title": "Tags"
        }
      },
      {
        "id": "87259d80fd91872a",
        "type": "leaf",
        "state": {
          "type": "bookmarks",
          "state": {},
          "icon": "lucide-bookmark",
          "title": "Bookmarks"
        }
      }
    ],
    "currentTab": 0
  },
  "right": {
    "id": "feb792273b33b55d",
    "type": "mobile-drawer",
    "children": [
      {
        "id": "f8383a6c789cf2f7",
        "type": "leaf",
        "state": {
          "type": "backlink",
          "state": {
            "file": "Eisenhtal.md",
            "collapseAll": false,
            "extraContext": false,
            "sortOrder": "alphabetical",
            "showSearch": false,
            "searchQuery": "",
            "backlinkCollapsed": true,
            "unlinkedCollapsed": true
          },
          "icon": "links-coming-in",
          "title": "Backlinks"
        }
      },
      {
        "id": "bf5414eead1d7b0c",
        "type": "leaf",
        "state": {
          "type": "outgoing-link",
          "state": {
            "file": "Levels/Locations.md",
            "linksCollapsed": false,
            "unlinkedCollapsed": true
          },
          "icon": "links-going-out",
          "title": "Outgoing links"
        }
      },
      {
        "id": "86acb6cba2c5b83c",
        "type": "leaf",
        "state": {
          "type": "outline",
          "state": {
            "file": "Levels/Locations.md",
            "followCursor": false,
            "showSearch": false,
            "searchQuery": ""
          },
          "icon": "lucide-list",
          "title": "Outline"
        }
      }
    ],
    "currentTab": 0
  },
  "left-ribbon": {
    "hiddenItems": {
      "switcher:Open quick switcher": false,
      "graph:Open graph view": false,
      "canvas:Create new canvas": false,
      "daily-notes:Open today's daily note": false,
      "templates:Insert template": false,
      "command-palette:Open command palette": false
    }
  },
  "active": "6c1c456272be24e3",
  "lastOpenFiles": [
    "Mobs.md",
    "Eisenhtal.md",
    "mineraux.md",
    "Characters.md",
    "Cities.md",
    "Ayla & Laurene – Mlyvian blacksmith sisters.md",
    "Levels/Locations.md",
    "Unreal Engine Hack & Slash de Yuko Millenia.md",
    "аніме на qtv.md",
    "Helga the Witch.md",
    "The Hanged Man (Main Character).md",
    "Elements.md",
    "General Charles LaPierre.md",
    "-Vurdalak.md",
    "- [[Vurdalak.md",
    "Геймплей.md",
    "Vurdalak.md",
    "Levels/Walkthrough Loc. 1.md",
    "Mobs/Npc’s.md",
    "Missions",
    "Levels",
    "Mobs/Enemies.md",
    "Player/Combat system.md",
    "Mobs",
    "Player/Controls.md",
    "Player"
  ]
}